[{"scala": "Motivazione al risultato", "score": 27}, {"scala": "Motivazione al potere", "score": 35}, {"scala": "Motivazione alla leadership", "score": 21}, {"scala": "Coscienziosità", "score": 18}, {"scala": "Flessibilità", "score": 23}, {"scala": "Orientamento all’azione", "score": 29}, {"scala": "Sensibilità", "score": 22}, {"scala": "Capacità di stabilire contatti", "score": 25}, {"scala": "Socievolezza", "score": 26}, {"scala": "Orientamento al team", "score": 24}, {"scala": "Assertività", "score": 25}, {"scala": "Stabilità emotiva", "score": 29}, {"scala": "Capacità di lavorare sotto pressione", "score": 31}, {"scala": "Fiducia in se stessi", "score": 26}, {"scala": "Desiderabilità sociale", "score": 22}, {"scala": "Motivazione al risultato", "score": 23}, {"scala": "Motivazione al potere", "score": 27}, {"scala": "Motivazione alla leadership", "score": 27}, {"scala": "Coscienziosità", "score": 29}, {"scala": "Flessibilità", "score": 20}, {"scala": "Orientamento all’azione", "score": 21}, {"scala": "Sensibilità", "score": 27}, {"scala": "Capacità di stabilire contatti", "score": 22}, {"scala": "Socievolezza", "score": 26}, {"scala": "Orientamento al team", "score": 25}, {"scala": "Assertività", "score": 25}, {"scala": "Stabilità emotiva", "score": 23}, {"scala": "Capacità di lavorare sotto pressione", "score": 28}, {"scala": "Fiducia in se stessi", "score": 27}, {"scala": "Desiderabilità sociale", "score": 21}, {"scala": "Motivazione al risultato", "score": 22}, {"scala": "Motivazione al potere", "score": 23}, {"scala": "Motivazione alla leadership", "score": 23}, {"scala": "Coscienziosità", "score": 24}, {"scala": "Flessibilità", "score": 25}, {"scala": "Orientamento all’azione", "score": 23}, {"scala": "Sensibilità", "score": 24}, {"scala": "Capacità di stabilire contatti", "score": 23}, {"scala": "Socievolezza", "score": 27}, {"scala": "Orientamento al team", "score": 23}, {"scala": "Assertività", "score": 37}, {"scala": "Stabilità emotiva", "score": 19}, {"scala": "Capacità di lavorare sotto pressione", "score": 33}, {"scala": "Fiducia in se stessi", "score": 23}, {"scala": "Desiderabilità sociale", "score": 16}, {"scala": "Motivazione al risultato", "score": 38}, {"scala": "Motivazione al potere", "score": 36}, {"scala": "Motivazione alla leadership", "score": 40}, {"scala": "Coscienziosità", "score": 39}, {"scala": "Flessibilità", "score": 33}, {"scala": "Orientamento all’azione", "score": 38}, {"scala": "Sensibilità", "score": 39}, {"scala": "Capacità di stabilire contatti", "score": 40}, {"scala": "Socievolezza", "score": 33}, {"scala": "Orientamento al team", "score": 32}, {"scala": "Assertività", "score": 30}, {"scala": "Stabilità emotiva", "score": 34}, {"scala": "Capacità di lavorare sotto pressione", "score": 35}, {"scala": "Fiducia in se stessi", "score": 40}, {"scala": "Desiderabilità sociale", "score": 27}, {"scala": "Motivazione al risultato", "score": 26}, {"scala": "Motivazione al potere", "score": 33}, {"scala": "Motivazione alla leadership", "score": 27}, {"scala": "Coscienziosità", "score": 25}, {"scala": "Flessibilità", "score": 28}, {"scala": "Orientamento all’azione", "score": 25}, {"scala": "Sensibilità", "score": 28}, {"scala": "Capacità di stabilire contatti", "score": 29}, {"scala": "Socievolezza", "score": 29}, {"scala": "Orientamento al team", "score": 27}, {"scala": "Assertività", "score": 24}, {"scala": "Stabilità emotiva", "score": 21}, {"scala": "Capacità di lavorare sotto pressione", "score": 21}, {"scala": "Fiducia in se stessi", "score": 22}, {"scala": "Desiderabilità sociale", "score": 18}, {"scala": "Motivazione al risultato", "score": 25}, {"scala": "Motivazione al potere", "score": 27}, {"scala": "Motivazione alla leadership", "score": 23}, {"scala": "Coscienziosità", "score": 26}, {"scala": "Flessibilità", "score": 24}, {"scala": "Orientamento all’azione", "score": 23}, {"scala": "Sensibilità", "score": 24}, {"scala": "Capacità di stabilire contatti", "score": 24}, {"scala": "Socievolezza", "score": 25}, {"scala": "Orientamento al team", "score": 25}, {"scala": "Assertività", "score": 25}, {"scala": "Stabilità emotiva", "score": 25}, {"scala": "Capacità di lavorare sotto pressione", "score": 29}, {"scala": "Fiducia in se stessi", "score": 24}, {"scala": "Desiderabilità sociale", "score": 22}]